#,Name,Total,HP,Attack,Defense,Sp. Atk,Sp. Def,Speed,Generation,Legendary,Type
1,Bulbasaur,318,45,49,49,65,65,45,1,False,Grass - Poison
2,Ivysaur,405,60,62,63,80,80,60,1,False,Grass - Poison
3,Venusaur,525,80,82,83,100,100,80,1,False,Grass - Poison
4,Charmander,309,39,52,43,60,50,65,1,False,Fire
5,Charmeleon,405,58,64,58,80,65,80,1,False,Fire
6,Charizard,534,78,84,78,109,85,100,1,False,Fire - Flying
7,Squirtle,314,44,48,65,50,64,43,1,False,Water
8,Wartortle,405,59,63,80,65,80,58,1,False,Water
9,Blastoise,530,79,83,100,85,105,78,1,False,Water
10,Caterpie,195,45,30,35,20,20,45,1,False,Bug
11,Metapod,205,50,20,55,25,25,30,1,False,Bug
12,Butterfree,395,60,45,50,90,80,70,1,False,Bug - Flying
13,Weedle,195,40,35,30,20,20,50,1,False,Bug - Poison
14,Kakuna,205,45,25,50,25,25,35,1,False,Bug - Poison
15,Beedrill,395,65,90,40,45,80,75,1,False,Bug - Poison
16,Pidgey,251,40,45,40,35,35,56,1,False,Normal - Flying
17,Pidgeotto,349,63,60,55,50,50,71,1,False,Normal - Flying
18,Pidgeot,479,83,80,75,70,70,101,1,False,Normal - Flying
19,Rattata,253,30,56,35,25,35,72,1,False,Normal
20,Raticate,413,55,81,60,50,70,97,1,False,Normal
21,Spearow,262,40,60,30,31,31,70,1,False,Normal - Flying
22,Fearow,442,65,90,65,61,61,100,1,False,Normal - Flying
23,Ekans,288,35,60,44,40,54,55,1,False,Poison
24,Arbok,438,60,85,69,65,79,80,1,False,Poison
25,Pikachu,320,35,55,40,50,50,90,1,False,Electric
26,Raichu,485,60,90,55,90,80,110,1,False,Electric
27,Sandshrew,300,50,75,85,20,30,40,1,False,Ground
28,Sandslash,450,75,100,110,45,55,65,1,False,Ground
29,Nidoran♀,275,55,47,52,40,40,41,1,False,Poison
30,Nidorina,365,70,62,67,55,55,56,1,False,Poison
31,Nidoqueen,505,90,92,87,75,85,76,1,False,Poison - Ground
32,Nidoran♂,273,46,57,40,40,40,50,1,False,Poison
33,Nidorino,365,61,72,57,55,55,65,1,False,Poison
34,Nidoking,505,81,102,77,85,75,85,1,False,Poison - Ground
35,Clefairy,323,70,45,48,60,65,35,1,False,Fairy
36,Clefable,483,95,70,73,95,90,60,1,False,Fairy
37,Vulpix,299,38,41,40,50,65,65,1,False,Fire
38,Ninetales,505,73,76,75,81,100,100,1,False,Fire
39,Jigglypuff,270,115,45,20,45,25,20,1,False,Normal - Fairy
40,Wigglytuff,435,140,70,45,85,50,45,1,False,Normal - Fairy
41,Zubat,245,40,45,35,30,40,55,1,False,Poison - Flying
42,Golbat,455,75,80,70,65,75,90,1,False,Poison - Flying
43,Oddish,320,45,50,55,75,65,30,1,False,Grass - Poison
44,Gloom,395,60,65,70,85,75,40,1,False,Grass - Poison
45,Vileplume,490,75,80,85,110,90,50,1,False,Grass - Poison
46,Paras,285,35,70,55,45,55,25,1,False,Bug - Grass
47,Parasect,405,60,95,80,60,80,30,1,False,Bug - Grass
48,Venonat,305,60,55,50,40,55,45,1,False,Bug - Poison
49,Venomoth,450,70,65,60,90,75,90,1,False,Bug - Poison
50,Diglett,265,10,55,25,35,45,95,1,False,Ground
51,Dugtrio,405,35,80,50,50,70,120,1,False,Ground
52,Meowth,290,40,45,35,40,40,90,1,False,Normal
53,Persian,440,65,70,60,65,65,115,1,False,Normal
54,Psyduck,320,50,52,48,65,50,55,1,False,Water
55,Golduck,500,80,82,78,95,80,85,1,False,Water
56,Mankey,305,40,80,35,35,45,70,1,False,Fighting
57,Primeape,455,65,105,60,60,70,95,1,False,Fighting
58,Growlithe,350,55,70,45,70,50,60,1,False,Fire
59,Arcanine,555,90,110,80,100,80,95,1,False,Fire
60,Poliwag,300,40,50,40,40,40,90,1,False,Water
61,Poliwhirl,385,65,65,65,50,50,90,1,False,Water
62,Poliwrath,510,90,95,95,70,90,70,1,False,Water - Fighting
63,Abra,310,25,20,15,105,55,90,1,False,Psychic
64,Kadabra,400,40,35,30,120,70,105,1,False,Psychic
65,Alakazam,500,55,50,45,135,95,120,1,False,Psychic
66,Machop,305,70,80,50,35,35,35,1,False,Fighting
67,Machoke,405,80,100,70,50,60,45,1,False,Fighting
68,Machamp,505,90,130,80,65,85,55,1,False,Fighting
69,Bellsprout,300,50,75,35,70,30,40,1,False,Grass - Poison
70,Weepinbell,390,65,90,50,85,45,55,1,False,Grass - Poison
71,Victreebel,490,80,105,65,100,70,70,1,False,Grass - Poison
72,Tentacool,335,40,40,35,50,100,70,1,False,Water - Poison
73,Tentacruel,515,80,70,65,80,120,100,1,False,Water - Poison
74,Geodude,300,40,80,100,30,30,20,1,False,Rock - Ground
75,Graveler,390,55,95,115,45,45,35,1,False,Rock - Ground
76,Golem,495,80,120,130,55,65,45,1,False,Rock - Ground
77,Ponyta,410,50,85,55,65,65,90,1,False,Fire
78,Rapidash,500,65,100,70,80,80,105,1,False,Fire
79,Slowpoke,315,90,65,65,40,40,15,1,False,Water - Psychic
80,Slowbro,490,95,75,110,100,80,30,1,False,Water - Psychic
81,Magnemite,325,25,35,70,95,55,45,1,False,Electric - Steel
82,Magneton,465,50,60,95,120,70,70,1,False,Electric - Steel
83,Farfetch'd,352,52,65,55,58,62,60,1,False,Normal - Flying
84,Doduo,310,35,85,45,35,35,75,1,False,Normal - Flying
85,Dodrio,460,60,110,70,60,60,100,1,False,Normal - Flying
86,Seel,325,65,45,55,45,70,45,1,False,Water
87,Dewgong,475,90,70,80,70,95,70,1,False,Water - Ice
88,Grimer,325,80,80,50,40,50,25,1,False,Poison
89,Muk,500,105,105,75,65,100,50,1,False,Poison
90,Shellder,305,30,65,100,45,25,40,1,False,Water
91,Cloyster,525,50,95,180,85,45,70,1,False,Water - Ice
92,Gastly,310,30,35,30,100,35,80,1,False,Ghost - Poison
93,Haunter,405,45,50,45,115,55,95,1,False,Ghost - Poison
94,Gengar,500,60,65,60,130,75,110,1,False,Ghost - Poison
95,Onix,385,35,45,160,30,45,70,1,False,Rock - Ground
96,Drowzee,328,60,48,45,43,90,42,1,False,Psychic
97,Hypno,483,85,73,70,73,115,67,1,False,Psychic
98,Krabby,325,30,105,90,25,25,50,1,False,Water
99,Kingler,475,55,130,115,50,50,75,1,False,Water
100,Voltorb,330,40,30,50,55,55,100,1,False,Electric
101,Electrode,480,60,50,70,80,80,140,1,False,Electric
102,Exeggcute,325,60,40,80,60,45,40,1,False,Grass - Psychic
103,Exeggutor,520,95,95,85,125,65,55,1,False,Grass - Psychic
104,Cubone,320,50,50,95,40,50,35,1,False,Ground
105,Marowak,425,60,80,110,50,80,45,1,False,Ground
106,Hitmonlee,455,50,120,53,35,110,87,1,False,Fighting
107,Hitmonchan,455,50,105,79,35,110,76,1,False,Fighting
108,Lickitung,385,90,55,75,60,75,30,1,False,Normal
109,Koffing,340,40,65,95,60,45,35,1,False,Poison
110,Weezing,490,65,90,120,85,70,60,1,False,Poison
111,Rhyhorn,345,80,85,95,30,30,25,1,False,Ground - Rock
112,Rhydon,485,105,130,120,45,45,40,1,False,Ground - Rock
113,Chansey,450,250,5,5,35,105,50,1,False,Normal
114,Tangela,435,65,55,115,100,40,60,1,False,Grass
115,Kangaskhan,490,105,95,80,40,80,90,1,False,Normal
116,Horsea,295,30,40,70,70,25,60,1,False,Water
117,Seadra,440,55,65,95,95,45,85,1,False,Water
118,Goldeen,320,45,67,60,35,50,63,1,False,Water
119,Seaking,450,80,92,65,65,80,68,1,False,Water
120,Staryu,340,30,45,55,70,55,85,1,False,Water
121,Starmie,520,60,75,85,100,85,115,1,False,Water - Psychic
122,Mr. Mime,460,40,45,65,100,120,90,1,False,Psychic - Fairy
123,Scyther,500,70,110,80,55,80,105,1,False,Bug - Flying
124,Jynx,455,65,50,35,115,95,95,1,False,Ice - Psychic
125,Electabuzz,490,65,83,57,95,85,105,1,False,Electric
126,Magmar,495,65,95,57,100,85,93,1,False,Fire
127,Pinsir,500,65,125,100,55,70,85,1,False,Bug
128,Tauros,490,75,100,95,40,70,110,1,False,Normal
129,Magikarp,200,20,10,55,15,20,80,1,False,Water
130,Gyarados,540,95,125,79,60,100,81,1,False,Water - Flying
131,Lapras,535,130,85,80,85,95,60,1,False,Water - Ice
132,Ditto,288,48,48,48,48,48,48,1,False,Normal
133,Eevee,325,55,55,50,45,65,55,1,False,Normal
134,Vaporeon,525,130,65,60,110,95,65,1,False,Water
135,Jolteon,525,65,65,60,110,95,130,1,False,Electric
136,Flareon,525,65,130,60,95,110,65,1,False,Fire
137,Porygon,395,65,60,70,85,75,40,1,False,Normal
138,Omanyte,355,35,40,100,90,55,35,1,False,Rock - Water
139,Omastar,495,70,60,125,115,70,55,1,False,Rock - Water
140,Kabuto,355,30,80,90,55,45,55,1,False,Rock - Water
141,Kabutops,495,60,115,105,65,70,80,1,False,Rock - Water
142,Aerodactyl,515,80,105,65,60,75,130,1,False,Rock - Flying
143,Snorlax,540,160,110,65,65,110,30,1,False,Normal
144,Articuno,580,90,85,100,95,125,85,1,True,Ice - Flying
145,Zapdos,580,90,90,85,125,90,100,1,True,Electric - Flying
146,Moltres,580,90,100,90,125,85,90,1,True,Fire - Flying
147,Dratini,300,41,64,45,50,50,50,1,False,Dragon
148,Dragonair,420,61,84,65,70,70,70,1,False,Dragon
149,Dragonite,600,91,134,95,100,100,80,1,False,Dragon - Flying
150,Mewtwo,680,106,110,90,154,90,130,1,True,Psychic
151,Mew,600,100,100,100,100,100,100,1,False,Psychic
152,Chikorita,318,45,49,65,49,65,45,2,False,Grass
153,Bayleef,405,60,62,80,63,80,60,2,False,Grass
154,Meganium,525,80,82,100,83,100,80,2,False,Grass
155,Cyndaquil,309,39,52,43,60,50,65,2,False,Fire
156,Quilava,405,58,64,58,80,65,80,2,False,Fire
157,Typhlosion,534,78,84,78,109,85,100,2,False,Fire
158,Totodile,314,50,65,64,44,48,43,2,False,Water
159,Croconaw,405,65,80,80,59,63,58,2,False,Water
160,Feraligatr,530,85,105,100,79,83,78,2,False,Water
161,Sentret,215,35,46,34,35,45,20,2,False,Normal
162,Furret,415,85,76,64,45,55,90,2,False,Normal
163,Hoothoot,262,60,30,30,36,56,50,2,False,Normal - Flying
164,Noctowl,442,100,50,50,76,96,70,2,False,Normal - Flying
165,Ledyba,265,40,20,30,40,80,55,2,False,Bug - Flying
166,Ledian,390,55,35,50,55,110,85,2,False,Bug - Flying
167,Spinarak,250,40,60,40,40,40,30,2,False,Bug - Poison
168,Ariados,390,70,90,70,60,60,40,2,False,Bug - Poison
169,Crobat,535,85,90,80,70,80,130,2,False,Poison - Flying
170,Chinchou,330,75,38,38,56,56,67,2,False,Water - Electric
171,Lanturn,460,125,58,58,76,76,67,2,False,Water - Electric
172,Pichu,205,20,40,15,35,35,60,2,False,Electric
173,Cleffa,218,50,25,28,45,55,15,2,False,Fairy
174,Igglybuff,210,90,30,15,40,20,15,2,False,Normal - Fairy
175,Togepi,245,35,20,65,40,65,20,2,False,Fairy
176,Togetic,405,55,40,85,80,105,40,2,False,Fairy - Flying
177,Natu,320,40,50,45,70,45,70,2,False,Psychic - Flying
178,Xatu,470,65,75,70,95,70,95,2,False,Psychic - Flying
179,Mareep,280,55,40,40,65,45,35,2,False,Electric
180,Flaaffy,365,70,55,55,80,60,45,2,False,Electric
181,Ampharos,510,90,75,85,115,90,55,2,False,Electric
182,Bellossom,490,75,80,95,90,100,50,2,False,Grass
183,Marill,250,70,20,50,20,50,40,2,False,Water - Fairy
184,Azumarill,420,100,50,80,60,80,50,2,False,Water - Fairy
185,Sudowoodo,410,70,100,115,30,65,30,2,False,Rock
186,Politoed,500,90,75,75,90,100,70,2,False,Water
187,Hoppip,250,35,35,40,35,55,50,2,False,Grass - Flying
188,Skiploom,340,55,45,50,45,65,80,2,False,Grass - Flying
189,Jumpluff,460,75,55,70,55,95,110,2,False,Grass - Flying
190,Aipom,360,55,70,55,40,55,85,2,False,Normal
191,Sunkern,180,30,30,30,30,30,30,2,False,Grass
192,Sunflora,425,75,75,55,105,85,30,2,False,Grass
193,Yanma,390,65,65,45,75,45,95,2,False,Bug - Flying
194,Wooper,210,55,45,45,25,25,15,2,False,Water - Ground
195,Quagsire,430,95,85,85,65,65,35,2,False,Water - Ground
196,Espeon,525,65,65,60,130,95,110,2,False,Psychic
197,Umbreon,525,95,65,110,60,130,65,2,False,Dark
198,Murkrow,405,60,85,42,85,42,91,2,False,Dark - Flying
199,Slowking,490,95,75,80,100,110,30,2,False,Water - Psychic
200,Misdreavus,435,60,60,60,85,85,85,2,False,Ghost
201,Unown,336,48,72,48,72,48,48,2,False,Psychic
202,Wobbuffet,405,190,33,58,33,58,33,2,False,Psychic
203,Girafarig,455,70,80,65,90,65,85,2,False,Normal - Psychic
204,Pineco,290,50,65,90,35,35,15,2,False,Bug
205,Forretress,465,75,90,140,60,60,40,2,False,Bug - Steel
206,Dunsparce,415,100,70,70,65,65,45,2,False,Normal
207,Gligar,430,65,75,105,35,65,85,2,False,Ground - Flying
208,Steelix,510,75,85,200,55,65,30,2,False,Steel - Ground
209,Snubbull,300,60,80,50,40,40,30,2,False,Fairy
210,Granbull,450,90,120,75,60,60,45,2,False,Fairy
211,Qwilfish,430,65,95,75,55,55,85,2,False,Water - Poison
212,Scizor,500,70,130,100,55,80,65,2,False,Bug - Steel
213,Shuckle,505,20,10,230,10,230,5,2,False,Bug - Rock
214,Heracross,500,80,125,75,40,95,85,2,False,Bug - Fighting
215,Sneasel,430,55,95,55,35,75,115,2,False,Dark - Ice
216,Teddiursa,330,60,80,50,50,50,40,2,False,Normal
217,Ursaring,500,90,130,75,75,75,55,2,False,Normal
218,Slugma,250,40,40,40,70,40,20,2,False,Fire
219,Magcargo,410,50,50,120,80,80,30,2,False,Fire - Rock
220,Swinub,250,50,50,40,30,30,50,2,False,Ice - Ground
221,Piloswine,450,100,100,80,60,60,50,2,False,Ice - Ground
222,Corsola,380,55,55,85,65,85,35,2,False,Water - Rock
223,Remoraid,300,35,65,35,65,35,65,2,False,Water
224,Octillery,480,75,105,75,105,75,45,2,False,Water
225,Delibird,330,45,55,45,65,45,75,2,False,Ice - Flying
226,Mantine,465,65,40,70,80,140,70,2,False,Water - Flying
227,Skarmory,465,65,80,140,40,70,70,2,False,Steel - Flying
228,Houndour,330,45,60,30,80,50,65,2,False,Dark - Fire
229,Houndoom,500,75,90,50,110,80,95,2,False,Dark - Fire
230,Kingdra,540,75,95,95,95,95,85,2,False,Water - Dragon
231,Phanpy,330,90,60,60,40,40,40,2,False,Ground
232,Donphan,500,90,120,120,60,60,50,2,False,Ground
233,Porygon2,515,85,80,90,105,95,60,2,False,Normal
234,Stantler,465,73,95,62,85,65,85,2,False,Normal
235,Smeargle,250,55,20,35,20,45,75,2,False,Normal
236,Tyrogue,210,35,35,35,35,35,35,2,False,Fighting
237,Hitmontop,455,50,95,95,35,110,70,2,False,Fighting
238,Smoochum,305,45,30,15,85,65,65,2,False,Ice - Psychic
239,Elekid,360,45,63,37,65,55,95,2,False,Electric
240,Magby,365,45,75,37,70,55,83,2,False,Fire
241,Miltank,490,95,80,105,40,70,100,2,False,Normal
242,Blissey,540,255,10,10,75,135,55,2,False,Normal
243,Raikou,580,90,85,75,115,100,115,2,True,Electric
244,Entei,580,115,115,85,90,75,100,2,True,Fire
245,Suicune,580,100,75,115,90,115,85,2,True,Water
246,Larvitar,300,50,64,50,45,50,41,2,False,Rock - Ground
247,Pupitar,410,70,84,70,65,70,51,2,False,Rock - Ground
248,Tyranitar,600,100,134,110,95,100,61,2,False,Rock - Dark
249,Lugia,680,106,90,130,90,154,110,2,True,Psychic - Flying
250,Ho-oh,680,106,130,90,110,154,90,2,True,Fire - Flying
251,Celebi,600,100,100,100,100,100,100,2,False,Psychic - Grass
252,Treecko,310,40,45,35,65,55,70,3,False,Grass
253,Grovyle,405,50,65,45,85,65,95,3,False,Grass
254,Sceptile,530,70,85,65,105,85,120,3,False,Grass
255,Torchic,310,45,60,40,70,50,45,3,False,Fire
256,Combusken,405,60,85,60,85,60,55,3,False,Fire - Fighting
257,Blaziken,530,80,120,70,110,70,80,3,False,Fire - Fighting
258,Mudkip,310,50,70,50,50,50,40,3,False,Water
259,Marshtomp,405,70,85,70,60,70,50,3,False,Water - Ground
260,Swampert,535,100,110,90,85,90,60,3,False,Water - Ground
261,Poochyena,220,35,55,35,30,30,35,3,False,Dark
262,Mightyena,420,70,90,70,60,60,70,3,False,Dark
263,Zigzagoon,240,38,30,41,30,41,60,3,False,Normal
264,Linoone,420,78,70,61,50,61,100,3,False,Normal
265,Wurmple,195,45,45,35,20,30,20,3,False,Bug
266,Silcoon,205,50,35,55,25,25,15,3,False,Bug
267,Beautifly,395,60,70,50,100,50,65,3,False,Bug - Flying
268,Cascoon,205,50,35,55,25,25,15,3,False,Bug
269,Dustox,385,60,50,70,50,90,65,3,False,Bug - Poison
270,Lotad,220,40,30,30,40,50,30,3,False,Water - Grass
271,Lombre,340,60,50,50,60,70,50,3,False,Water - Grass
272,Ludicolo,480,80,70,70,90,100,70,3,False,Water - Grass
273,Seedot,220,40,40,50,30,30,30,3,False,Grass
274,Nuzleaf,340,70,70,40,60,40,60,3,False,Grass - Dark
275,Shiftry,480,90,100,60,90,60,80,3,False,Grass - Dark
276,Taillow,270,40,55,30,30,30,85,3,False,Normal - Flying
277,Swellow,430,60,85,60,50,50,125,3,False,Normal - Flying
278,Wingull,270,40,30,30,55,30,85,3,False,Water - Flying
279,Pelipper,430,60,50,100,85,70,65,3,False,Water - Flying
280,Ralts,198,28,25,25,45,35,40,3,False,Psychic - Fairy
281,Kirlia,278,38,35,35,65,55,50,3,False,Psychic - Fairy
282,Gardevoir,518,68,65,65,125,115,80,3,False,Psychic - Fairy
283,Surskit,269,40,30,32,50,52,65,3,False,Bug - Water
284,Masquerain,414,70,60,62,80,82,60,3,False,Bug - Flying
285,Shroomish,295,60,40,60,40,60,35,3,False,Grass
286,Breloom,460,60,130,80,60,60,70,3,False,Grass - Fighting
287,Slakoth,280,60,60,60,35,35,30,3,False,Normal
288,Vigoroth,440,80,80,80,55,55,90,3,False,Normal
289,Slaking,670,150,160,100,95,65,100,3,False,Normal
290,Nincada,266,31,45,90,30,30,40,3,False,Bug - Ground
291,Ninjask,456,61,90,45,50,50,160,3,False,Bug - Flying
292,Shedinja,236,1,90,45,30,30,40,3,False,Bug - Ghost
293,Whismur,240,64,51,23,51,23,28,3,False,Normal
294,Loudred,360,84,71,43,71,43,48,3,False,Normal
295,Exploud,490,104,91,63,91,73,68,3,False,Normal
296,Makuhita,237,72,60,30,20,30,25,3,False,Fighting
297,Hariyama,474,144,120,60,40,60,50,3,False,Fighting
298,Azurill,190,50,20,40,20,40,20,3,False,Normal - Fairy
299,Nosepass,375,30,45,135,45,90,30,3,False,Rock
300,Skitty,260,50,45,45,35,35,50,3,False,Normal
301,Delcatty,380,70,65,65,55,55,70,3,False,Normal
302,Sableye,380,50,75,75,65,65,50,3,False,Dark - Ghost
303,Mawile,380,50,85,85,55,55,50,3,False,Steel - Fairy
304,Aron,330,50,70,100,40,40,30,3,False,Steel - Rock
305,Lairon,430,60,90,140,50,50,40,3,False,Steel - Rock
306,Aggron,530,70,110,180,60,60,50,3,False,Steel - Rock
307,Meditite,280,30,40,55,40,55,60,3,False,Fighting - Psychic
308,Medicham,410,60,60,75,60,75,80,3,False,Fighting - Psychic
309,Electrike,295,40,45,40,65,40,65,3,False,Electric
310,Manectric,475,70,75,60,105,60,105,3,False,Electric
311,Plusle,405,60,50,40,85,75,95,3,False,Electric
312,Minun,405,60,40,50,75,85,95,3,False,Electric
313,Volbeat,400,65,73,55,47,75,85,3,False,Bug
314,Illumise,400,65,47,55,73,75,85,3,False,Bug
315,Roselia,400,50,60,45,100,80,65,3,False,Grass - Poison
316,Gulpin,302,70,43,53,43,53,40,3,False,Poison
317,Swalot,467,100,73,83,73,83,55,3,False,Poison
318,Carvanha,305,45,90,20,65,20,65,3,False,Water - Dark
319,Sharpedo,460,70,120,40,95,40,95,3,False,Water - Dark
320,Wailmer,400,130,70,35,70,35,60,3,False,Water
321,Wailord,500,170,90,45,90,45,60,3,False,Water
322,Numel,305,60,60,40,65,45,35,3,False,Fire - Ground
323,Camerupt,460,70,100,70,105,75,40,3,False,Fire - Ground
324,Torkoal,470,70,85,140,85,70,20,3,False,Fire
325,Spoink,330,60,25,35,70,80,60,3,False,Psychic
326,Grumpig,470,80,45,65,90,110,80,3,False,Psychic
327,Spinda,360,60,60,60,60,60,60,3,False,Normal
328,Trapinch,290,45,100,45,45,45,10,3,False,Ground
329,Vibrava,340,50,70,50,50,50,70,3,False,Ground - Dragon
330,Flygon,520,80,100,80,80,80,100,3,False,Ground - Dragon
331,Cacnea,335,50,85,40,85,40,35,3,False,Grass
332,Cacturne,475,70,115,60,115,60,55,3,False,Grass - Dark
333,Swablu,310,45,40,60,40,75,50,3,False,Normal - Flying
334,Altaria,490,75,70,90,70,105,80,3,False,Dragon - Flying
335,Zangoose,458,73,115,60,60,60,90,3,False,Normal
336,Seviper,458,73,100,60,100,60,65,3,False,Poison
337,Lunatone,440,70,55,65,95,85,70,3,False,Rock - Psychic
338,Solrock,440,70,95,85,55,65,70,3,False,Rock - Psychic
339,Barboach,288,50,48,43,46,41,60,3,False,Water - Ground
340,Whiscash,468,110,78,73,76,71,60,3,False,Water - Ground
341,Corphish,308,43,80,65,50,35,35,3,False,Water
342,Crawdaunt,468,63,120,85,90,55,55,3,False,Water - Dark
343,Baltoy,300,40,40,55,40,70,55,3,False,Ground - Psychic
344,Claydol,500,60,70,105,70,120,75,3,False,Ground - Psychic
345,Lileep,355,66,41,77,61,87,23,3,False,Rock - Grass
346,Cradily,495,86,81,97,81,107,43,3,False,Rock - Grass
347,Anorith,355,45,95,50,40,50,75,3,False,Rock - Bug
348,Armaldo,495,75,125,100,70,80,45,3,False,Rock - Bug
349,Feebas,200,20,15,20,10,55,80,3,False,Water
350,Milotic,540,95,60,79,100,125,81,3,False,Water
351,Castform,420,70,70,70,70,70,70,3,False,Normal
352,Kecleon,440,60,90,70,60,120,40,3,False,Normal
353,Shuppet,295,44,75,35,63,33,45,3,False,Ghost
354,Banette,455,64,115,65,83,63,65,3,False,Ghost
355,Duskull,295,20,40,90,30,90,25,3,False,Ghost
356,Dusclops,455,40,70,130,60,130,25,3,False,Ghost
357,Tropius,460,99,68,83,72,87,51,3,False,Grass - Flying
358,Chimecho,425,65,50,70,95,80,65,3,False,Psychic
359,Absol,465,65,130,60,75,60,75,3,False,Dark
360,Wynaut,260,95,23,48,23,48,23,3,False,Psychic
361,Snorunt,300,50,50,50,50,50,50,3,False,Ice
362,Glalie,480,80,80,80,80,80,80,3,False,Ice
363,Spheal,290,70,40,50,55,50,25,3,False,Ice - Water
364,Sealeo,410,90,60,70,75,70,45,3,False,Ice - Water
365,Walrein,530,110,80,90,95,90,65,3,False,Ice - Water
366,Clamperl,345,35,64,85,74,55,32,3,False,Water
367,Huntail,485,55,104,105,94,75,52,3,False,Water
368,Gorebyss,485,55,84,105,114,75,52,3,False,Water
369,Relicanth,485,100,90,130,45,65,55,3,False,Water - Rock
370,Luvdisc,330,43,30,55,40,65,97,3,False,Water
371,Bagon,300,45,75,60,40,30,50,3,False,Dragon
372,Shelgon,420,65,95,100,60,50,50,3,False,Dragon
373,Salamence,600,95,135,80,110,80,100,3,False,Dragon - Flying
374,Beldum,300,40,55,80,35,60,30,3,False,Steel - Psychic
375,Metang,420,60,75,100,55,80,50,3,False,Steel - Psychic
376,Metagross,600,80,135,130,95,90,70,3,False,Steel - Psychic
377,Regirock,580,80,100,200,50,100,50,3,True,Rock
378,Regice,580,80,50,100,100,200,50,3,True,Ice
379,Registeel,580,80,75,150,75,150,50,3,True,Steel
380,Latias,600,80,80,90,110,130,110,3,True,Dragon - Psychic
381,Latios,600,80,90,80,130,110,110,3,True,Dragon - Psychic
382,Kyogre,670,100,100,90,150,140,90,3,True,Water
383,Groudon,670,100,150,140,100,90,90,3,True,Ground
384,Rayquaza,680,105,150,90,150,90,95,3,True,Dragon - Flying
385,Jirachi,600,100,100,100,100,100,100,3,True,Steel - Psychic
386,DeoxysNormal Forme,600,50,150,50,150,50,150,3,True,Psychic
387,Turtwig,318,55,68,64,45,55,31,4,False,Grass
388,Grotle,405,75,89,85,55,65,36,4,False,Grass
389,Torterra,525,95,109,105,75,85,56,4,False,Grass - Ground
390,Chimchar,309,44,58,44,58,44,61,4,False,Fire
391,Monferno,405,64,78,52,78,52,81,4,False,Fire - Fighting
392,Infernape,534,76,104,71,104,71,108,4,False,Fire - Fighting
393,Piplup,314,53,51,53,61,56,40,4,False,Water
394,Prinplup,405,64,66,68,81,76,50,4,False,Water
395,Empoleon,530,84,86,88,111,101,60,4,False,Water - Steel
396,Starly,245,40,55,30,30,30,60,4,False,Normal - Flying
397,Staravia,340,55,75,50,40,40,80,4,False,Normal - Flying
398,Staraptor,485,85,120,70,50,60,100,4,False,Normal - Flying
399,Bidoof,250,59,45,40,35,40,31,4,False,Normal
400,Bibarel,410,79,85,60,55,60,71,4,False,Normal - Water
401,Kricketot,194,37,25,41,25,41,25,4,False,Bug
402,Kricketune,384,77,85,51,55,51,65,4,False,Bug
403,Shinx,263,45,65,34,40,34,45,4,False,Electric
404,Luxio,363,60,85,49,60,49,60,4,False,Electric
405,Luxray,523,80,120,79,95,79,70,4,False,Electric
406,Budew,280,40,30,35,50,70,55,4,False,Grass - Poison
407,Roserade,515,60,70,65,125,105,90,4,False,Grass - Poison
408,Cranidos,350,67,125,40,30,30,58,4,False,Rock
409,Rampardos,495,97,165,60,65,50,58,4,False,Rock
410,Shieldon,350,30,42,118,42,88,30,4,False,Rock - Steel
411,Bastiodon,495,60,52,168,47,138,30,4,False,Rock - Steel
412,Burmy,224,40,29,45,29,45,36,4,False,Bug
413,WormadamPlant Cloak,424,60,59,85,79,105,36,4,False,Bug - Grass
414,Mothim,424,70,94,50,94,50,66,4,False,Bug - Flying
415,Combee,244,30,30,42,30,42,70,4,False,Bug - Flying
416,Vespiquen,474,70,80,102,80,102,40,4,False,Bug - Flying
417,Pachirisu,405,60,45,70,45,90,95,4,False,Electric
418,Buizel,330,55,65,35,60,30,85,4,False,Water
419,Floatzel,495,85,105,55,85,50,115,4,False,Water
420,Cherubi,275,45,35,45,62,53,35,4,False,Grass
421,Cherrim,450,70,60,70,87,78,85,4,False,Grass
422,Shellos,325,76,48,48,57,62,34,4,False,Water
423,Gastrodon,475,111,83,68,92,82,39,4,False,Water - Ground
424,Ambipom,482,75,100,66,60,66,115,4,False,Normal
425,Drifloon,348,90,50,34,60,44,70,4,False,Ghost - Flying
426,Drifblim,498,150,80,44,90,54,80,4,False,Ghost - Flying
427,Buneary,350,55,66,44,44,56,85,4,False,Normal
428,Lopunny,480,65,76,84,54,96,105,4,False,Normal
429,Mismagius,495,60,60,60,105,105,105,4,False,Ghost
430,Honchkrow,505,100,125,52,105,52,71,4,False,Dark - Flying
431,Glameow,310,49,55,42,42,37,85,4,False,Normal
432,Purugly,452,71,82,64,64,59,112,4,False,Normal
433,Chingling,285,45,30,50,65,50,45,4,False,Psychic
434,Stunky,329,63,63,47,41,41,74,4,False,Poison - Dark
435,Skuntank,479,103,93,67,71,61,84,4,False,Poison - Dark
436,Bronzor,300,57,24,86,24,86,23,4,False,Steel - Psychic
437,Bronzong,500,67,89,116,79,116,33,4,False,Steel - Psychic
438,Bonsly,290,50,80,95,10,45,10,4,False,Rock
439,Mime Jr.,310,20,25,45,70,90,60,4,False,Psychic - Fairy
440,Happiny,220,100,5,5,15,65,30,4,False,Normal
441,Chatot,411,76,65,45,92,42,91,4,False,Normal - Flying
442,Spiritomb,485,50,92,108,92,108,35,4,False,Ghost - Dark
443,Gible,300,58,70,45,40,45,42,4,False,Dragon - Ground
444,Gabite,410,68,90,65,50,55,82,4,False,Dragon - Ground
445,Garchomp,600,108,130,95,80,85,102,4,False,Dragon - Ground
446,Munchlax,390,135,85,40,40,85,5,4,False,Normal
447,Riolu,285,40,70,40,35,40,60,4,False,Fighting
448,Lucario,525,70,110,70,115,70,90,4,False,Fighting - Steel
449,Hippopotas,330,68,72,78,38,42,32,4,False,Ground
450,Hippowdon,525,108,112,118,68,72,47,4,False,Ground
451,Skorupi,330,40,50,90,30,55,65,4,False,Poison - Bug
452,Drapion,500,70,90,110,60,75,95,4,False,Poison - Dark
453,Croagunk,300,48,61,40,61,40,50,4,False,Poison - Fighting
454,Toxicroak,490,83,106,65,86,65,85,4,False,Poison - Fighting
455,Carnivine,454,74,100,72,90,72,46,4,False,Grass
456,Finneon,330,49,49,56,49,61,66,4,False,Water
457,Lumineon,460,69,69,76,69,86,91,4,False,Water
458,Mantyke,345,45,20,50,60,120,50,4,False,Water - Flying
459,Snover,334,60,62,50,62,60,40,4,False,Grass - Ice
460,Abomasnow,494,90,92,75,92,85,60,4,False,Grass - Ice
461,Weavile,510,70,120,65,45,85,125,4,False,Dark - Ice
462,Magnezone,535,70,70,115,130,90,60,4,False,Electric - Steel
463,Lickilicky,515,110,85,95,80,95,50,4,False,Normal
464,Rhyperior,535,115,140,130,55,55,40,4,False,Ground - Rock
465,Tangrowth,535,100,100,125,110,50,50,4,False,Grass
466,Electivire,540,75,123,67,95,85,95,4,False,Electric
467,Magmortar,540,75,95,67,125,95,83,4,False,Fire
468,Togekiss,545,85,50,95,120,115,80,4,False,Fairy - Flying
469,Yanmega,515,86,76,86,116,56,95,4,False,Bug - Flying
470,Leafeon,525,65,110,130,60,65,95,4,False,Grass
471,Glaceon,525,65,60,110,130,95,65,4,False,Ice
472,Gliscor,510,75,95,125,45,75,95,4,False,Ground - Flying
473,Mamoswine,530,110,130,80,70,60,80,4,False,Ice - Ground
474,Porygon-Z,535,85,80,70,135,75,90,4,False,Normal
475,Gallade,518,68,125,65,65,115,80,4,False,Psychic - Fighting
476,Probopass,525,60,55,145,75,150,40,4,False,Rock - Steel
477,Dusknoir,525,45,100,135,65,135,45,4,False,Ghost
478,Froslass,480,70,80,70,80,70,110,4,False,Ice - Ghost
479,Rotom,440,50,50,77,95,77,91,4,False,Electric - Ghost
480,Uxie,580,75,75,130,75,130,95,4,True,Psychic
481,Mesprit,580,80,105,105,105,105,80,4,True,Psychic
482,Azelf,580,75,125,70,125,70,115,4,True,Psychic
483,Dialga,680,100,120,120,150,100,90,4,True,Steel - Dragon
484,Palkia,680,90,120,100,150,120,100,4,True,Water - Dragon
485,Heatran,600,91,90,106,130,106,77,4,True,Fire - Steel
486,Regigigas,670,110,160,110,80,110,100,4,True,Normal
487,GiratinaAltered Forme,680,150,100,120,100,120,90,4,True,Ghost - Dragon
488,Cresselia,600,120,70,120,75,130,85,4,False,Psychic
489,Phione,480,80,80,80,80,80,80,4,False,Water
490,Manaphy,600,100,100,100,100,100,100,4,False,Water
491,Darkrai,600,70,90,90,135,90,125,4,True,Dark
492,ShayminLand Forme,600,100,100,100,100,100,100,4,True,Grass
493,Arceus,720,120,120,120,120,120,120,4,True,Normal
494,Victini,600,100,100,100,100,100,100,5,True,Psychic - Fire
495,Snivy,308,45,45,55,45,55,63,5,False,Grass
496,Servine,413,60,60,75,60,75,83,5,False,Grass
497,Serperior,528,75,75,95,75,95,113,5,False,Grass
498,Tepig,308,65,63,45,45,45,45,5,False,Fire
499,Pignite,418,90,93,55,70,55,55,5,False,Fire - Fighting
500,Emboar,528,110,123,65,100,65,65,5,False,Fire - Fighting
501,Oshawott,308,55,55,45,63,45,45,5,False,Water
502,Dewott,413,75,75,60,83,60,60,5,False,Water
503,Samurott,528,95,100,85,108,70,70,5,False,Water
504,Patrat,255,45,55,39,35,39,42,5,False,Normal
505,Watchog,420,60,85,69,60,69,77,5,False,Normal
506,Lillipup,275,45,60,45,25,45,55,5,False,Normal
507,Herdier,370,65,80,65,35,65,60,5,False,Normal
508,Stoutland,500,85,110,90,45,90,80,5,False,Normal
509,Purrloin,281,41,50,37,50,37,66,5,False,Dark
510,Liepard,446,64,88,50,88,50,106,5,False,Dark
511,Pansage,316,50,53,48,53,48,64,5,False,Grass
512,Simisage,498,75,98,63,98,63,101,5,False,Grass
513,Pansear,316,50,53,48,53,48,64,5,False,Fire
514,Simisear,498,75,98,63,98,63,101,5,False,Fire
515,Panpour,316,50,53,48,53,48,64,5,False,Water
516,Simipour,498,75,98,63,98,63,101,5,False,Water
517,Munna,292,76,25,45,67,55,24,5,False,Psychic
518,Musharna,487,116,55,85,107,95,29,5,False,Psychic
519,Pidove,264,50,55,50,36,30,43,5,False,Normal - Flying
520,Tranquill,358,62,77,62,50,42,65,5,False,Normal - Flying
521,Unfezant,488,80,115,80,65,55,93,5,False,Normal - Flying
522,Blitzle,295,45,60,32,50,32,76,5,False,Electric
523,Zebstrika,497,75,100,63,80,63,116,5,False,Electric
524,Roggenrola,280,55,75,85,25,25,15,5,False,Rock
525,Boldore,390,70,105,105,50,40,20,5,False,Rock
526,Gigalith,515,85,135,130,60,80,25,5,False,Rock
527,Woobat,313,55,45,43,55,43,72,5,False,Psychic - Flying
528,Swoobat,425,67,57,55,77,55,114,5,False,Psychic - Flying
529,Drilbur,328,60,85,40,30,45,68,5,False,Ground
530,Excadrill,508,110,135,60,50,65,88,5,False,Ground - Steel
531,Audino,445,103,60,86,60,86,50,5,False,Normal
532,Timburr,305,75,80,55,25,35,35,5,False,Fighting
533,Gurdurr,405,85,105,85,40,50,40,5,False,Fighting
534,Conkeldurr,505,105,140,95,55,65,45,5,False,Fighting
535,Tympole,294,50,50,40,50,40,64,5,False,Water
536,Palpitoad,384,75,65,55,65,55,69,5,False,Water - Ground
537,Seismitoad,509,105,95,75,85,75,74,5,False,Water - Ground
538,Throh,465,120,100,85,30,85,45,5,False,Fighting
539,Sawk,465,75,125,75,30,75,85,5,False,Fighting
540,Sewaddle,310,45,53,70,40,60,42,5,False,Bug - Grass
541,Swadloon,380,55,63,90,50,80,42,5,False,Bug - Grass
542,Leavanny,500,75,103,80,70,80,92,5,False,Bug - Grass
543,Venipede,260,30,45,59,30,39,57,5,False,Bug - Poison
544,Whirlipede,360,40,55,99,40,79,47,5,False,Bug - Poison
545,Scolipede,485,60,100,89,55,69,112,5,False,Bug - Poison
546,Cottonee,280,40,27,60,37,50,66,5,False,Grass - Fairy
547,Whimsicott,480,60,67,85,77,75,116,5,False,Grass - Fairy
548,Petilil,280,45,35,50,70,50,30,5,False,Grass
549,Lilligant,480,70,60,75,110,75,90,5,False,Grass
550,Basculin,460,70,92,65,80,55,98,5,False,Water
551,Sandile,292,50,72,35,35,35,65,5,False,Ground - Dark
552,Krokorok,351,60,82,45,45,45,74,5,False,Ground - Dark
553,Krookodile,519,95,117,80,65,70,92,5,False,Ground - Dark
554,Darumaka,315,70,90,45,15,45,50,5,False,Fire
555,DarmanitanStandard Mode,480,105,140,55,30,55,95,5,False,Fire
556,Maractus,461,75,86,67,106,67,60,5,False,Grass
557,Dwebble,325,50,65,85,35,35,55,5,False,Bug - Rock
558,Crustle,475,70,95,125,65,75,45,5,False,Bug - Rock
559,Scraggy,348,50,75,70,35,70,48,5,False,Dark - Fighting
560,Scrafty,488,65,90,115,45,115,58,5,False,Dark - Fighting
561,Sigilyph,490,72,58,80,103,80,97,5,False,Psychic - Flying
562,Yamask,303,38,30,85,55,65,30,5,False,Ghost
563,Cofagrigus,483,58,50,145,95,105,30,5,False,Ghost
564,Tirtouga,355,54,78,103,53,45,22,5,False,Water - Rock
565,Carracosta,495,74,108,133,83,65,32,5,False,Water - Rock
566,Archen,401,55,112,45,74,45,70,5,False,Rock - Flying
567,Archeops,567,75,140,65,112,65,110,5,False,Rock - Flying
568,Trubbish,329,50,50,62,40,62,65,5,False,Poison
569,Garbodor,474,80,95,82,60,82,75,5,False,Poison
570,Zorua,330,40,65,40,80,40,65,5,False,Dark
571,Zoroark,510,60,105,60,120,60,105,5,False,Dark
572,Minccino,300,55,50,40,40,40,75,5,False,Normal
573,Cinccino,470,75,95,60,65,60,115,5,False,Normal
574,Gothita,290,45,30,50,55,65,45,5,False,Psychic
575,Gothorita,390,60,45,70,75,85,55,5,False,Psychic
576,Gothitelle,490,70,55,95,95,110,65,5,False,Psychic
577,Solosis,290,45,30,40,105,50,20,5,False,Psychic
578,Duosion,370,65,40,50,125,60,30,5,False,Psychic
579,Reuniclus,490,110,65,75,125,85,30,5,False,Psychic
580,Ducklett,305,62,44,50,44,50,55,5,False,Water - Flying
581,Swanna,473,75,87,63,87,63,98,5,False,Water - Flying
582,Vanillite,305,36,50,50,65,60,44,5,False,Ice
583,Vanillish,395,51,65,65,80,75,59,5,False,Ice
584,Vanilluxe,535,71,95,85,110,95,79,5,False,Ice
585,Deerling,335,60,60,50,40,50,75,5,False,Normal - Grass
586,Sawsbuck,475,80,100,70,60,70,95,5,False,Normal - Grass
587,Emolga,428,55,75,60,75,60,103,5,False,Electric - Flying
588,Karrablast,315,50,75,45,40,45,60,5,False,Bug
589,Escavalier,495,70,135,105,60,105,20,5,False,Bug - Steel
590,Foongus,294,69,55,45,55,55,15,5,False,Grass - Poison
591,Amoonguss,464,114,85,70,85,80,30,5,False,Grass - Poison
592,Frillish,335,55,40,50,65,85,40,5,False,Water - Ghost
593,Jellicent,480,100,60,70,85,105,60,5,False,Water - Ghost
594,Alomomola,470,165,75,80,40,45,65,5,False,Water
595,Joltik,319,50,47,50,57,50,65,5,False,Bug - Electric
596,Galvantula,472,70,77,60,97,60,108,5,False,Bug - Electric
597,Ferroseed,305,44,50,91,24,86,10,5,False,Grass - Steel
598,Ferrothorn,489,74,94,131,54,116,20,5,False,Grass - Steel
599,Klink,300,40,55,70,45,60,30,5,False,Steel
600,Klang,440,60,80,95,70,85,50,5,False,Steel
601,Klinklang,520,60,100,115,70,85,90,5,False,Steel
602,Tynamo,275,35,55,40,45,40,60,5,False,Electric
603,Eelektrik,405,65,85,70,75,70,40,5,False,Electric
604,Eelektross,515,85,115,80,105,80,50,5,False,Electric
605,Elgyem,335,55,55,55,85,55,30,5,False,Psychic
606,Beheeyem,485,75,75,75,125,95,40,5,False,Psychic
607,Litwick,275,50,30,55,65,55,20,5,False,Ghost - Fire
608,Lampent,370,60,40,60,95,60,55,5,False,Ghost - Fire
609,Chandelure,520,60,55,90,145,90,80,5,False,Ghost - Fire
610,Axew,320,46,87,60,30,40,57,5,False,Dragon
611,Fraxure,410,66,117,70,40,50,67,5,False,Dragon
612,Haxorus,540,76,147,90,60,70,97,5,False,Dragon
613,Cubchoo,305,55,70,40,60,40,40,5,False,Ice
614,Beartic,485,95,110,80,70,80,50,5,False,Ice
615,Cryogonal,485,70,50,30,95,135,105,5,False,Ice
616,Shelmet,305,50,40,85,40,65,25,5,False,Bug
617,Accelgor,495,80,70,40,100,60,145,5,False,Bug
618,Stunfisk,471,109,66,84,81,99,32,5,False,Ground - Electric
619,Mienfoo,350,45,85,50,55,50,65,5,False,Fighting
620,Mienshao,510,65,125,60,95,60,105,5,False,Fighting
621,Druddigon,485,77,120,90,60,90,48,5,False,Dragon
622,Golett,303,59,74,50,35,50,35,5,False,Ground - Ghost
623,Golurk,483,89,124,80,55,80,55,5,False,Ground - Ghost
624,Pawniard,340,45,85,70,40,40,60,5,False,Dark - Steel
625,Bisharp,490,65,125,100,60,70,70,5,False,Dark - Steel
626,Bouffalant,490,95,110,95,40,95,55,5,False,Normal
627,Rufflet,350,70,83,50,37,50,60,5,False,Normal - Flying
628,Braviary,510,100,123,75,57,75,80,5,False,Normal - Flying
629,Vullaby,370,70,55,75,45,65,60,5,False,Dark - Flying
630,Mandibuzz,510,110,65,105,55,95,80,5,False,Dark - Flying
631,Heatmor,484,85,97,66,105,66,65,5,False,Fire
632,Durant,484,58,109,112,48,48,109,5,False,Bug - Steel
633,Deino,300,52,65,50,45,50,38,5,False,Dark - Dragon
634,Zweilous,420,72,85,70,65,70,58,5,False,Dark - Dragon
635,Hydreigon,600,92,105,90,125,90,98,5,False,Dark - Dragon
636,Larvesta,360,55,85,55,50,55,60,5,False,Bug - Fire
637,Volcarona,550,85,60,65,135,105,100,5,False,Bug - Fire
638,Cobalion,580,91,90,129,90,72,108,5,True,Steel - Fighting
639,Terrakion,580,91,129,90,72,90,108,5,True,Rock - Fighting
640,Virizion,580,91,90,72,90,129,108,5,True,Grass - Fighting
641,TornadusIncarnate Forme,580,79,115,70,125,80,111,5,True,Flying
642,ThundurusIncarnate Forme,580,79,115,70,125,80,111,5,True,Electric - Flying
643,Reshiram,680,100,120,100,150,120,90,5,True,Dragon - Fire
644,Zekrom,680,100,150,120,120,100,90,5,True,Dragon - Electric
645,LandorusIncarnate Forme,600,89,125,90,115,80,101,5,True,Ground - Flying
646,Kyurem,660,125,130,90,130,90,95,5,True,Dragon - Ice
647,KeldeoOrdinary Forme,580,91,72,90,129,90,108,5,False,Water - Fighting
648,MeloettaAria Forme,600,100,77,77,128,128,90,5,False,Normal - Psychic
649,Genesect,600,71,120,95,120,95,99,5,False,Bug - Steel
650,Chespin,313,56,61,65,48,45,38,6,False,Grass
651,Quilladin,405,61,78,95,56,58,57,6,False,Grass
652,Chesnaught,530,88,107,122,74,75,64,6,False,Grass - Fighting
653,Fennekin,307,40,45,40,62,60,60,6,False,Fire
654,Braixen,409,59,59,58,90,70,73,6,False,Fire
655,Delphox,534,75,69,72,114,100,104,6,False,Fire - Psychic
656,Froakie,314,41,56,40,62,44,71,6,False,Water
657,Frogadier,405,54,63,52,83,56,97,6,False,Water
658,Greninja,530,72,95,67,103,71,122,6,False,Water - Dark
659,Bunnelby,237,38,36,38,32,36,57,6,False,Normal
660,Diggersby,423,85,56,77,50,77,78,6,False,Normal - Ground
661,Fletchling,278,45,50,43,40,38,62,6,False,Normal - Flying
662,Fletchinder,382,62,73,55,56,52,84,6,False,Fire - Flying
663,Talonflame,499,78,81,71,74,69,126,6,False,Fire - Flying
664,Scatterbug,200,38,35,40,27,25,35,6,False,Bug
665,Spewpa,213,45,22,60,27,30,29,6,False,Bug
666,Vivillon,411,80,52,50,90,50,89,6,False,Bug - Flying
667,Litleo,369,62,50,58,73,54,72,6,False,Fire - Normal
668,Pyroar,507,86,68,72,109,66,106,6,False,Fire - Normal
669,Flabébé,303,44,38,39,61,79,42,6,False,Fairy
670,Floette,371,54,45,47,75,98,52,6,False,Fairy
671,Florges,552,78,65,68,112,154,75,6,False,Fairy
672,Skiddo,350,66,65,48,62,57,52,6,False,Grass
673,Gogoat,531,123,100,62,97,81,68,6,False,Grass
674,Pancham,348,67,82,62,46,48,43,6,False,Fighting
675,Pangoro,495,95,124,78,69,71,58,6,False,Fighting - Dark
676,Furfrou,472,75,80,60,65,90,102,6,False,Normal
677,Espurr,355,62,48,54,63,60,68,6,False,Psychic
678,MeowsticMale,466,74,48,76,83,81,104,6,False,Psychic
679,Honedge,325,45,80,100,35,37,28,6,False,Steel - Ghost
680,Doublade,448,59,110,150,45,49,35,6,False,Steel - Ghost
681,AegislashBlade Forme,520,60,150,50,150,50,60,6,False,Steel - Ghost
682,Spritzee,341,78,52,60,63,65,23,6,False,Fairy
683,Aromatisse,462,101,72,72,99,89,29,6,False,Fairy
684,Swirlix,341,62,48,66,59,57,49,6,False,Fairy
685,Slurpuff,480,82,80,86,85,75,72,6,False,Fairy
686,Inkay,288,53,54,53,37,46,45,6,False,Dark - Psychic
687,Malamar,482,86,92,88,68,75,73,6,False,Dark - Psychic
688,Binacle,306,42,52,67,39,56,50,6,False,Rock - Water
689,Barbaracle,500,72,105,115,54,86,68,6,False,Rock - Water
690,Skrelp,320,50,60,60,60,60,30,6,False,Poison - Water
691,Dragalge,494,65,75,90,97,123,44,6,False,Poison - Dragon
692,Clauncher,330,50,53,62,58,63,44,6,False,Water
693,Clawitzer,500,71,73,88,120,89,59,6,False,Water
694,Helioptile,289,44,38,33,61,43,70,6,False,Electric - Normal
695,Heliolisk,481,62,55,52,109,94,109,6,False,Electric - Normal
696,Tyrunt,362,58,89,77,45,45,48,6,False,Rock - Dragon
697,Tyrantrum,521,82,121,119,69,59,71,6,False,Rock - Dragon
698,Amaura,362,77,59,50,67,63,46,6,False,Rock - Ice
699,Aurorus,521,123,77,72,99,92,58,6,False,Rock - Ice
700,Sylveon,525,95,65,65,110,130,60,6,False,Fairy
701,Hawlucha,500,78,92,75,74,63,118,6,False,Fighting - Flying
702,Dedenne,431,67,58,57,81,67,101,6,False,Electric - Fairy
703,Carbink,500,50,50,150,50,150,50,6,False,Rock - Fairy
704,Goomy,300,45,50,35,55,75,40,6,False,Dragon
705,Sliggoo,452,68,75,53,83,113,60,6,False,Dragon
706,Goodra,600,90,100,70,110,150,80,6,False,Dragon
707,Klefki,470,57,80,91,80,87,75,6,False,Steel - Fairy
708,Phantump,309,43,70,48,50,60,38,6,False,Ghost - Grass
709,Trevenant,474,85,110,76,65,82,56,6,False,Ghost - Grass
710,PumpkabooAverage Size,335,49,66,70,44,55,51,6,False,Ghost - Grass
711,GourgeistAverage Size,494,65,90,122,58,75,84,6,False,Ghost - Grass
712,Bergmite,304,55,69,85,32,35,28,6,False,Ice
713,Avalugg,514,95,117,184,44,46,28,6,False,Ice
714,Noibat,245,40,30,35,45,40,55,6,False,Flying - Dragon
715,Noivern,535,85,70,80,97,80,123,6,False,Flying - Dragon
716,Xerneas,680,126,131,95,131,98,99,6,True,Fairy
717,Yveltal,680,126,131,95,131,98,99,6,True,Dark - Flying
718,Zygarde50% Forme,600,108,100,121,81,95,95,6,True,Dragon - Ground
719,Diancie,600,50,100,150,100,150,50,6,True,Rock - Fairy
720,HoopaHoopa Confined,600,80,110,60,150,130,70,6,True,Psychic - Ghost
